<?xml version="1.0"?>
<!--<!DOCTYPE metadata SYSTEM "http://www.esri.com/metadata/esriprof80.dtd">-->
<metadata xml:lang="en"><Esri><CreaDate>20110308</CreaDate><CreaTime>11055400</CreaTime><SyncOnce>FALSE</SyncOnce><SyncDate>20110302</SyncDate><SyncTime>16144600</SyncTime><ModDate>20110302</ModDate><ModTime>16144600</ModTime><DataProperties><lineage><Process Name="Clip_4" ToolSource="C:\Program Files\ArcGIS\ArcToolbox\Toolboxes\Analysis Tools.tbx\Clip" Date="20080220" Time="103950">Clip ONhyr Mississauga C:\GIS_Data\CanMap_DMTI\CanMap_2007\Mississauga\hydro_waterbody.shp #</Process><Process ToolSource="C:\Program Files (x86)\ArcGIS\ArcToolbox\Toolboxes\Analysis Tools.tbx\Clip" Date="20110302" Time="161446">Clip hydrology studyarea D:\buliung\teaching\ggr278\lab4\hydrology_Clip.shp #</Process></lineage></DataProperties><MetaID>{82EE9E10-9882-46FC-8E78-A49B04277E74}</MetaID></Esri><idinfo><native Sync="TRUE">Microsoft Windows Vista Version 6.1 (Build 7600) ; ESRI ArcCatalog 9.3.0.1770</native><descript><langdata Sync="FALSE" value="en">en</langdata><abstract>Hydrography represents any body of water including lakes, rivers and streams.</abstract><purpose>To create a hydrographic dataset which can be used as an accurate base for GPS applications, cartographic display or web mapping applications.</purpose><supplinf>The hydrography layer was created from a combination of 50k NTDB data sources.</supplinf></descript><citation><citeinfo><origin>DMTI Spatial Inc</origin><pubdate>20070815</pubdate><title Sync="FALSE">Hydrography (HYR)</title><ftname Sync="FALSE">Hydrography (HYR)</ftname><geoform Sync="TRUE">vector digital data</geoform><onlink>Please enter file location path here.</onlink><onlink Sync="FALSE"></onlink></citeinfo></citation><timeperd><current>publication date</current><timeinfo><rngdates><begdate>19990201</begdate><enddate>20070801</enddate></rngdates></timeinfo></timeperd><status><progress>Complete</progress><update>Quarterly</update></status><spdom><bounding><westbc Sync="TRUE">-94.693699</westbc><eastbc Sync="TRUE">-73.202066</eastbc><northbc Sync="TRUE">51.321393</northbc><southbc Sync="TRUE">41.749993</southbc></bounding><lboundng><leftbc Sync="TRUE">-94.693699</leftbc><rightbc Sync="TRUE">-73.202066</rightbc><bottombc Sync="TRUE">41.749993</bottombc><topbc Sync="TRUE">51.321393</topbc></lboundng></spdom><keywords><theme><themekt>Not Available</themekt><themekey>Keywords:</themekey><themekey>Water</themekey><themekey> Watercourse</themekey><themekey> Hydrographic</themekey><themekey> Waterbody</themekey><themekey> Disappearing streams</themekey></theme></keywords><accconst>REQUIRED: Restrictions and legal prerequisites for accessing the data set.</accconst><useconst>REQUIRED: Restrictions and legal prerequisites for using the data set after access is granted.</useconst><natvform Sync="TRUE">Shapefile</natvform><ptcontac><cntinfo><cntorgp><cntper>Rick Andrews</cntper><cntorg>DMTI Spatial Inc</cntorg></cntorgp><cntaddr><addrtype>mailing and physical address</addrtype><city>Markham</city><state>Ontario</state><postal>L3R 9R9</postal><address>625 Cochrane Dr.</address><country>Canada</country></cntaddr><cntvoice>1-877-477-3684</cntvoice><cntpos>Manager</cntpos><cntfax>1-905-948-9404</cntfax><cntemail>randrews@dmtispatial.com</cntemail></cntinfo></ptcontac></idinfo><dataIdInfo><envirDesc Sync="TRUE">Microsoft Windows Vista Version 6.1 (Build 7600) ; ESRI ArcCatalog 9.3.0.1770</envirDesc><dataLang><languageCode Sync="FALSE" value="en"></languageCode></dataLang><idCitation><resTitle Sync="FALSE">Hydrography (HYR)</resTitle><presForm><PresFormCd Sync="FALSE" value="005"></PresFormCd></presForm><Title>Hydrography (HYR)</Title><resRefDate><refDate>19990215</refDate><refDateType><DateTypCd value="001"></DateTypCd></refDateType></resRefDate><resRefDate><refDate>20070815</refDate><refDateType><DateTypCd value="003"></DateTypCd></refDateType></resRefDate><resRefDate><refDate>20070815</refDate><refDateType><DateTypCd value="002"></DateTypCd></refDateType></resRefDate><resEdDate>20070815</resEdDate><resEd>2007.3</resEd></idCitation><spatRpType><SpatRepTypCd Sync="TRUE" value="001"></SpatRepTypCd></spatRpType><dataExt><geoEle><GeoBndBox esriExtentType="native"><westBL Sync="TRUE">-94.693699</westBL><eastBL Sync="TRUE">-73.202066</eastBL><northBL Sync="TRUE">51.321393</northBL><southBL Sync="TRUE">41.749993</southBL><exTypeCode Sync="TRUE">1</exTypeCode></GeoBndBox></geoEle><tempEle><TempExtent><exTemp><TM_GeometricPrimitive><TM_Period><begin>19990201</begin><end>20070801</end></TM_Period></TM_GeometricPrimitive></exTemp></TempExtent></tempEle></dataExt><geoBox esriExtentType="decdegrees"><westBL Sync="TRUE">-94.693699</westBL><eastBL Sync="TRUE">-73.202066</eastBL><northBL Sync="TRUE">51.321393</northBL><southBL Sync="TRUE">41.749993</southBL><exTypeCode Sync="TRUE">1</exTypeCode></geoBox><idAbs>Hydrography represents any body of water including lakes, rivers and streams.</idAbs><descKeys KeyTypCd="005"><keyTyp><KeyTypCd value="005"></KeyTypCd></keyTyp><keyword>Water</keyword><keyword> Watercourse</keyword><keyword> Hydrographic</keyword><keyword> Waterbody</keyword><keyword> Disappearing streams</keyword><thesaName><resTitle>Not Available</resTitle></thesaName></descKeys><tpCat><TopicCatCd value="012"></TopicCatCd></tpCat><dataScale><equScale><rfDenom>1000/50000</rfDenom></equScale></dataScale><resMaint><maintFreq><MaintFreqCd value="006"></MaintFreqCd></maintFreq><dateNext>20071115</dateNext></resMaint><resConst><Consts><useLimit>As Per End User License Agreement</useLimit></Consts></resConst></dataIdInfo><metainfo><langmeta Sync="FALSE" value="en">en</langmeta><metstdn Sync="TRUE">FGDC Content Standards for Digital Geospatial Metadata</metstdn><metstdv Sync="TRUE">FGDC-STD-001-1998</metstdv><mettc Sync="TRUE">local time</mettc><metc><cntinfo><cntorgp><cntper>Rick Andrews</cntper><cntorg>DMTI Spatial Inc</cntorg></cntorgp><cntaddr><addrtype>mailing address</addrtype><city>Markham</city><state>Ontario</state><postal>L3R 9R9</postal><address>625 Cochrane Dr.</address><country>Canada</country></cntaddr><cntvoice>1-877-477-3684</cntvoice><cntpos>Manager</cntpos><cntfax>1-905-948-9404</cntfax><cntemail>randrews@dmtispatial.com</cntemail></cntinfo></metc><metd Sync="TRUE">20110302</metd><metextns><onlink Sync="TRUE">http://www.esri.com/metadata/esriprof80.html</onlink><metprof Sync="TRUE">ESRI Metadata Profile</metprof></metextns></metainfo><mdLang><languageCode Sync="FALSE" value="en"></languageCode></mdLang><mdStanName Sync="TRUE">ISO 19115 Geographic Information - Metadata</mdStanName><mdStanVer Sync="TRUE">DIS_ESRI1.0</mdStanVer><mdChar><CharSetCd Sync="TRUE" value="004"></CharSetCd></mdChar><mdHrLv><ScopeCd Sync="TRUE" value="005"></ScopeCd></mdHrLv><mdHrLvName Sync="TRUE">dataset</mdHrLvName><distinfo><resdesc Sync="TRUE">Downloadable Data</resdesc><stdorder><digform><digtinfo><transize Sync="TRUE">0.000</transize><dssize Sync="TRUE">0.000</dssize></digtinfo></digform></stdorder></distinfo><distInfo><distributor><distorTran><onLineSrc><orDesc Sync="FALSE"></orDesc><linkage Sync="FALSE">Please enter file location path here.</linkage><protocol Sync="FALSE"></protocol></onLineSrc><transSize Sync="TRUE">0.000</transSize></distorTran><distorFormat><formatName Sync="TRUE">Shapefile</formatName></distorFormat><distorCont><rpIndName>Account Manager</rpIndName><rpOrgName>DMTI Spatial Inc.</rpOrgName><rpPosName>Sales Account Manager</rpPosName><rpCntInfo><cntAddress><delPoint>625 Cochrane Dr.</delPoint><city>Markham</city><adminArea>Ontario</adminArea><postCode>L3R 9R9</postCode><eMailAdd>info@dmtispatial.com</eMailAdd><country>ca</country></cntAddress><cntPhone><rptInfo><voiceNum>1-877-477-3684</voiceNum><faxNum>1-905-948-9404</faxNum></rptInfo><voiceNum>1-877-477-3684</voiceNum><faxNum>1-905-948-9404</faxNum></cntPhone></rpCntInfo><role><RoleCd value="001"></RoleCd></role></distorCont><distorordPrc><ordTurn>Off the shelf CanMap® products are shipped in 3-5 business days Custom CanMap products are fulfilled in 7-10 business days</ordTurn></distorordPrc></distributor></distInfo><spdoinfo><direct Sync="TRUE">Vector</direct><ptvctinf><esriterm Name="hydrology_Clip"><efeatyp Sync="TRUE">Simple</efeatyp><efeageom Sync="TRUE">Polygon</efeageom><esritopo Sync="TRUE">FALSE</esritopo><efeacnt Sync="TRUE">0</efeacnt><spindex Sync="TRUE">FALSE</spindex><linrefer Sync="TRUE">FALSE</linrefer></esriterm><sdtsterm Name="hydrology_Clip"><sdtstype Sync="TRUE">G-polygon</sdtstype><ptvctcnt Sync="TRUE">0</ptvctcnt></sdtsterm></ptvctinf></spdoinfo><spref><horizsys><cordsysn><geogcsn Sync="TRUE">GCS_North_American_1983</geogcsn><projcsn Sync="TRUE">NAD_1983_UTM_Zone_17N</projcsn></cordsysn><geodetic><horizdn Sync="TRUE">North American Datum of 1983</horizdn><ellips Sync="TRUE">Geodetic Reference System 80</ellips><semiaxis Sync="TRUE">6378137.000000</semiaxis><denflat Sync="TRUE">298.257222</denflat></geodetic><planar><gridsys><gridsysn Sync="TRUE">Universal Transverse Mercator</gridsysn><utm><utmzone Sync="TRUE">17</utmzone><transmer><sfctrmer Sync="TRUE">0.999600</sfctrmer><longcm Sync="TRUE">-81.000000</longcm><latprjo Sync="TRUE">0.000000</latprjo><feast Sync="TRUE">500000.000000</feast><fnorth Sync="TRUE">0.000000</fnorth></transmer></utm></gridsys><planci><plance Sync="TRUE">coordinate pair</plance><plandu Sync="TRUE">meters</plandu><coordrep><absres Sync="TRUE">0.000000</absres><ordres Sync="TRUE">0.000000</ordres></coordrep></planci></planar></horizsys></spref><refSysInfo><RefSystem><refSysID><identCode Sync="TRUE">NAD_1983_UTM_Zone_17N</identCode></refSysID></RefSystem></refSysInfo><spatRepInfo><VectSpatRep><topLvl><TopoLevCd Sync="TRUE" value="001"></TopoLevCd></topLvl><geometObjs Name="hydrology_Clip"><geoObjTyp><GeoObjTypCd Sync="TRUE" value="001"></GeoObjTypCd></geoObjTyp><geoObjCnt Sync="TRUE">0</geoObjCnt></geometObjs></VectSpatRep></spatRepInfo><eainfo><detailed Name="hydrology_Clip"><enttyp><enttypl Sync="TRUE">hydrology_Clip</enttypl><enttypt Sync="TRUE">Feature Class</enttypt><enttypc Sync="TRUE">0</enttypc></enttyp><attr><attrlabl Sync="TRUE">FID</attrlabl><attalias Sync="TRUE">FID</attalias><attrtype Sync="TRUE">OID</attrtype><attwidth Sync="TRUE">4</attwidth><atprecis Sync="TRUE">0</atprecis><attscale Sync="TRUE">0</attscale><attrdef Sync="TRUE">Internal feature number.</attrdef><attrdefs Sync="TRUE">ESRI</attrdefs><attrdomv><udom Sync="TRUE">Sequential unique whole numbers that are automatically generated.</udom></attrdomv></attr><attr><attrlabl Sync="TRUE">Shape</attrlabl><attalias Sync="TRUE">Shape</attalias><attrtype Sync="TRUE">Geometry</attrtype><attwidth Sync="TRUE">0</attwidth><atprecis Sync="TRUE">0</atprecis><attscale Sync="TRUE">0</attscale><attrdef Sync="TRUE">Feature geometry.</attrdef><attrdefs Sync="TRUE">ESRI</attrdefs><attrdomv><udom Sync="TRUE">Coordinates defining the features.</udom></attrdomv></attr><attr><attrlabl Sync="TRUE">CODE</attrlabl><attalias Sync="TRUE">CODE</attalias><attrtype Sync="TRUE">Number</attrtype><attwidth Sync="TRUE">4</attwidth></attr><attr><attrlabl Sync="TRUE">FEATURE</attrlabl><attalias Sync="TRUE">FEATURE</attalias><attrtype Sync="TRUE">String</attrtype><attwidth Sync="TRUE">76</attwidth></attr></detailed></eainfo><mdDateSt Sync="TRUE">20110302</mdDateSt><mdContact><rpIndName>Rick Andrews</rpIndName><rpOrgName>DMTI Spatial Inc</rpOrgName><rpPosName>Manager</rpPosName><role><RoleCd value="007"></RoleCd></role><rpCntInfo><cntAddress><delPoint>625 Cochrane Dr.</delPoint><city>Markham</city><adminArea>Ontario</adminArea><postCode>L3R 9R9</postCode><eMailAdd>randrews@dmtispatial.com</eMailAdd><country>ca</country></cntAddress><cntPhone><voiceNum>1-877-477-3684</voiceNum><faxNum>1-905-948-9404</faxNum></cntPhone></rpCntInfo></mdContact><dqInfo><dataLineage><statement>The hydrography layer was created from a combination of 50k NTDB data sources.</statement></dataLineage></dqInfo><dataqual><posacc><horizpa><qhorizpa><horizpav>1:1000</horizpav><horizpae>The minimum scale at which the dataset was digitized or the best scale to view the data.</horizpae></qhorizpa><qhorizpa><horizpav>1:50000</horizpav><horizpae>The maximum scale at which the dataset was digitized or the best scale to view the data.</horizpae></qhorizpa></horizpa></posacc><lineage><procstep><procdesc Sync="TRUE">Dataset copied.</procdesc><srcused Sync="TRUE"></srcused><date Sync="TRUE">20070719</date><time Sync="TRUE">11084800</time></procstep><procstep><procdesc Sync="TRUE">Dataset copied.</procdesc><srcused Sync="TRUE"></srcused><procdate Sync="TRUE">20110302</procdate><proctime Sync="TRUE">15551700</proctime></procstep><procstep><procdesc Sync="TRUE">Dataset copied.</procdesc><srcused Sync="TRUE">D:\buliung\teaching\ggr278\lab4\hydrology</srcused><procdate Sync="TRUE">20110308</procdate><proctime Sync="TRUE">11055400</proctime></procstep></lineage></dataqual></metadata>
